symbol,date,open,high,low,close,volume
510300.SH,2021-09-14,4.646,4.663,4.558,4.579,3277120
510300.SH,2021-09-15,4.571,4.572,4.498,4.526,2707359
510300.SH,2021-09-16,4.526,4.536,4.462,4.47,4293484
510300.SH,2021-09-17,4.469,4.515,4.449,4.509,5139927
510300.SH,2021-09-22,4.441,4.493,4.433,4.476,4916296
510300.SH,2021-09-23,4.498,4.536,4.487,4.505,2869733
510300.SH,2021-09-24,4.509,4.556,4.499,4.512,4647712
510300.SH,2021-09-27,4.526,4.579,4.502,4.544,3598936
510300.SH,2021-09-28,4.536,4.561,4.507,4.535,2636353
510300.SH,2021-09-29,4.503,4.53,4.459,4.502,5922611
510300.SH,2021-09-30,4.504,4.534,4.502,4.516,3129597
510300.SH,2021-10-08,4.559,4.596,4.552,4.587,2446241
510300.SH,2021-10-11,4.595,4.641,4.582,4.586,2603224
510300.SH,2021-10-12,4.568,4.579,4.494,4.534,3306068
510300.SH,2021-10-13,4.526,4.606,4.524,4.59,2535737
510300.SH,2021-10-14,4.584,4.609,4.552,4.563,1998087
510300.SH,2021-10-15,4.56,4.598,4.541,4.587,2179701
510300.SH,2021-10-18,4.584,4.585,4.497,4.529,2512605
510300.SH,2021-10-19,4.521,4.581,4.518,4.576,2884698
510300.SH,2021-10-20,4.581,4.603,4.552,4.562,1566963
510300.SH,2021-10-21,4.561,4.608,4.543,4.584,2240855
510300.SH,2021-10-22,4.591,4.653,4.591,4.617,3345973
510300.SH,2021-10-25,4.603,4.642,4.592,4.634,2653745
510300.SH,2021-10-26,4.636,4.669,4.604,4.617,2479095
510300.SH,2021-10-27,4.605,4.605,4.539,4.551,2781043
510300.SH,2021-10-28,4.541,4.558,4.507,4.53,4413412
510300.SH,2021-10-29,4.527,4.563,4.515,4.562,4264847
510300.SH,2021-11-01,4.538,4.569,4.52,4.546,1950023
510300.SH,2021-11-02,4.543,4.576,4.455,4.494,4294135
510300.SH,2021-11-03,4.491,4.517,4.46,4.474,3406351
510300.SH,2021-11-04,4.494,4.532,4.493,4.521,2844233
510300.SH,2021-11-05,4.511,4.548,4.503,4.504,2656008
510300.SH,2021-11-08,4.501,4.529,4.483,4.5,3124852
510300.SH,2021-11-09,4.516,4.533,4.473,4.498,2628400
510300.SH,2021-11-10,4.494,4.494,4.407,4.473,4894264
510300.SH,2021-11-11,4.463,4.556,4.461,4.553,3523650
510300.SH,2021-11-12,4.557,4.572,4.535,4.551,2729067
510300.SH,2021-11-15,4.555,4.572,4.524,4.545,3359154
510300.SH,2021-11-16,4.547,4.577,4.531,4.541,3518703
510300.SH,2021-11-17,4.534,4.555,4.522,4.54,2269818
510300.SH,2021-11-18,4.528,4.533,4.483,4.496,3606012
510300.SH,2021-11-19,4.491,4.557,4.486,4.551,2759206
510300.SH,2021-11-22,4.555,4.576,4.548,4.564,3536475
510300.SH,2021-11-23,4.557,4.581,4.547,4.567,3172672
510300.SH,2021-11-24,4.567,4.597,4.555,4.578,1785947
510300.SH,2021-11-25,4.579,4.58,4.551,4.559,1372600
510300.SH,2021-11-26,4.546,4.547,4.508,4.517,2046378
510300.SH,2021-11-29,4.481,4.519,4.481,4.51,2338560
510300.SH,2021-11-30,4.513,4.53,4.469,4.492,1836800
510300.SH,2021-12-01,4.492,4.51,4.488,4.505,2116262
510300.SH,2021-12-02,4.501,4.526,4.484,4.515,1610351
510300.SH,2021-12-03,4.515,4.561,4.507,4.56,2196321
510300.SH,2021-12-06,4.563,4.597,4.55,4.555,3328991
510300.SH,2021-12-07,4.576,4.59,4.559,4.583,2124268
510300.SH,2021-12-08,4.588,4.66,4.57,4.655,3411917
510300.SH,2021-12-09,4.659,4.785,4.657,4.739,6332212
510300.SH,2021-12-10,4.724,4.731,4.704,4.724,3961260
510300.SH,2021-12-13,4.748,4.808,4.73,4.737,4290338
510300.SH,2021-12-14,4.718,4.736,4.696,4.706,3626878
510300.SH,2021-12-15,4.701,4.717,4.656,4.66,2035832
510300.SH,2021-12-16,4.663,4.688,4.646,4.687,3773043
510300.SH,2021-12-17,4.679,4.682,4.612,4.614,6226189
510300.SH,2021-12-20,4.6,4.631,4.528,4.539,8518253
510300.SH,2021-12-21,4.534,4.573,4.53,4.56,5171335
510300.SH,2021-12-22,4.573,4.585,4.551,4.563,6660462
510300.SH,2021-12-23,4.574,4.607,4.559,4.601,3023053
510300.SH,2021-12-24,4.607,4.613,4.559,4.578,2603961
510300.SH,2021-12-27,4.578,4.599,4.551,4.582,5044913
510300.SH,2021-12-28,4.582,4.618,4.573,4.608,6399142
510300.SH,2021-12-29,4.606,4.612,4.54,4.541,4038656
510300.SH,2021-12-30,4.541,4.598,4.536,4.577,4744980
510300.SH,2021-12-31,4.591,4.61,4.575,4.589,3514166
510300.SH,2022-01-04,4.606,4.608,4.523,4.571,4863553
510300.SH,2022-01-05,4.56,4.573,4.506,4.524,4640731
510300.SH,2022-01-06,4.504,4.514,4.438,4.468,5172728
510300.SH,2022-01-07,4.481,4.511,4.474,4.48,4785197
510300.SH,2022-01-10,4.469,4.504,4.44,4.493,4911223
510300.SH,2022-01-11,4.493,4.505,4.445,4.448,4122189
510300.SH,2022-01-12,4.465,4.514,4.465,4.5,5113326
510300.SH,2022-01-13,4.511,4.513,4.417,4.419,4882723
510300.SH,2022-01-14,4.406,4.421,4.372,4.375,4100290
510300.SH,2022-01-17,4.379,4.432,4.378,4.416,4983491
510300.SH,2022-01-18,4.413,4.478,4.396,4.462,6241671
510300.SH,2022-01-19,4.471,4.495,4.412,4.436,5224393
510300.SH,2022-01-20,4.431,4.503,4.43,4.474,5412785
510300.SH,2022-01-21,4.466,4.471,4.42,4.44,7814370
510300.SH,2022-01-24,4.416,4.455,4.404,4.442,4605740
510300.SH,2022-01-25,4.418,4.433,4.332,4.336,5952709
510300.SH,2022-01-26,4.351,4.367,4.306,4.362,5218421
510300.SH,2022-01-27,4.349,4.355,4.272,4.281,6076217
510300.SH,2022-01-28,4.293,4.315,4.206,4.21,8583917
510300.SH,2022-02-07,4.281,4.319,4.262,4.282,4845868
510300.SH,2022-02-08,4.282,4.282,4.171,4.26,4481413
510300.SH,2022-02-09,4.262,4.309,4.246,4.299,4589381
510300.SH,2022-02-10,4.306,4.309,4.262,4.288,4953831
510300.SH,2022-02-11,4.27,4.314,4.249,4.252,4617436
510300.SH,2022-02-14,4.236,4.25,4.182,4.203,3299679
510300.SH,2022-02-15,4.204,4.249,4.202,4.245,6043144
510300.SH,2022-02-16,4.266,4.29,4.254,4.266,4498005
510300.SH,2022-02-17,4.261,4.3,4.255,4.276,6290407
510300.SH,2022-02-18,4.256,4.301,4.251,4.3,3041052
510300.SH,2022-02-21,4.292,4.293,4.261,4.283,3241951
510300.SH,2022-02-22,4.246,4.253,4.205,4.223,3153168
510300.SH,2022-02-23,4.236,4.274,4.227,4.271,4469039
510300.SH,2022-02-24,4.246,4.258,4.145,4.186,5912365
510300.SH,2022-02-25,4.209,4.267,4.209,4.221,3844661
510300.SH,2022-02-28,4.218,4.229,4.178,4.227,2693171
510300.SH,2022-03-01,4.244,4.273,4.229,4.265,3261629
510300.SH,2022-03-02,4.245,4.246,4.208,4.23,1946013
510300.SH,2022-03-03,4.246,4.256,4.191,4.201,2006899
510300.SH,2022-03-04,4.161,4.19,4.136,4.15,4053766
510300.SH,2022-03-07,4.115,4.115,3.984,4.002,5831130
510300.SH,2022-03-08,4.003,4.027,3.904,3.92,6917081
510300.SH,2022-03-09,3.928,3.95,3.726,3.88,7867488
510300.SH,2022-03-10,3.956,3.982,3.938,3.94,5528465
510300.SH,2022-03-11,3.884,3.974,3.831,3.968,3973422
510300.SH,2022-03-14,3.906,3.93,3.827,3.828,4331004
510300.SH,2022-03-15,3.791,3.82,3.624,3.629,10444778
510300.SH,2022-03-16,3.691,3.826,3.598,3.802,13251385
510300.SH,2022-03-17,3.879,3.95,3.861,3.886,11475616
510300.SH,2022-03-18,3.866,3.932,3.845,3.914,4030217
510300.SH,2022-03-21,3.919,3.936,3.868,3.908,3720164
510300.SH,2022-03-22,3.888,3.938,3.887,3.904,2504225
510300.SH,2022-03-23,3.914,3.942,3.896,3.929,3082447
510300.SH,2022-03-24,3.906,3.926,3.869,3.902,2206418
510300.SH,2022-03-25,3.901,3.91,3.823,3.825,3568083
510300.SH,2022-03-28,3.79,3.83,3.739,3.8,4155938
510300.SH,2022-03-29,3.811,3.829,3.775,3.782,2310331
510300.SH,2022-03-30,3.81,3.908,3.81,3.905,5002575
510300.SH,2022-03-31,3.895,3.9,3.866,3.874,4242790
510300.SH,2022-04-01,3.843,3.945,3.841,3.925,3752472
510300.SH,2022-04-06,3.899,3.925,3.884,3.913,3398938
510300.SH,2022-04-07,3.893,3.924,3.858,3.861,2783984
510300.SH,2022-04-08,3.864,3.892,3.831,3.889,3202713
510300.SH,2022-04-11,3.861,3.862,3.744,3.757,5800585
510300.SH,2022-04-12,3.759,3.832,3.732,3.827,8064759
510300.SH,2022-04-13,3.807,3.843,3.791,3.795,3872602
510300.SH,2022-04-14,3.832,3.868,3.809,3.839,5736892
510300.SH,2022-04-15,3.816,3.862,3.806,3.837,5322380
510300.SH,2022-04-18,3.801,3.82,3.773,3.817,2797093
510300.SH,2022-04-19,3.816,3.842,3.766,3.79,3139962
510300.SH,2022-04-20,3.788,3.794,3.714,3.72,3903434
510300.SH,2022-04-21,3.708,3.737,3.631,3.652,7925085
510300.SH,2022-04-22,3.621,3.693,3.608,3.662,6173784
510300.SH,2022-04-25,3.601,3.615,3.463,3.469,16542843
510300.SH,2022-04-26,3.472,3.529,3.43,3.439,15437597
510300.SH,2022-04-27,3.427,3.547,3.416,3.545,13725839
510300.SH,2022-04-28,3.528,3.591,3.525,3.571,10729261
510300.SH,2022-04-29,3.585,3.675,3.549,3.671,7631212
510300.SH,2022-05-05,3.636,3.687,3.626,3.656,7360954
510300.SH,2022-05-06,3.581,3.599,3.556,3.559,5206697
510300.SH,2022-05-09,3.534,3.562,3.506,3.527,3187006
510300.SH,2022-05-10,3.489,3.589,3.464,3.572,5474672
510300.SH,2022-05-11,3.565,3.682,3.565,3.627,6290116
510300.SH,2022-05-12,3.611,3.635,3.589,3.607,3071058
510300.SH,2022-05-13,3.644,3.655,3.608,3.638,2799732
510300.SH,2022-05-16,3.656,3.67,3.596,3.607,4425843
510300.SH,2022-05-17,3.616,3.657,3.605,3.656,3008496
510300.SH,2022-05-18,3.663,3.673,3.616,3.642,2640173
510300.SH,2022-05-19,3.603,3.653,3.592,3.651,3249620
510300.SH,2022-05-20,3.676,3.736,3.666,3.735,6004614
510300.SH,2022-05-23,3.735,3.735,3.677,3.703,5120913
510300.SH,2022-05-24,3.702,3.705,3.616,3.621,4156645
510300.SH,2022-05-25,3.616,3.64,3.604,3.638,4576841
510300.SH,2022-05-26,3.639,3.676,3.588,3.648,4816141
510300.SH,2022-05-27,3.678,3.713,3.641,3.658,5532972
510300.SH,2022-05-30,3.676,3.699,3.663,3.681,4505319
510300.SH,2022-05-31,3.681,3.759,3.672,3.745,4522581
510300.SH,2022-06-01,3.745,3.752,3.716,3.739,3774345
510300.SH,2022-06-02,3.722,3.754,3.714,3.75,2901326
510300.SH,2022-06-06,3.748,3.833,3.721,3.832,4238359
510300.SH,2022-06-07,3.817,3.858,3.811,3.838,3808642
510300.SH,2022-06-08,3.841,3.886,3.821,3.88,4272911
510300.SH,2022-06-09,3.871,3.89,3.829,3.846,2916148
510300.SH,2022-06-10,3.815,3.916,3.814,3.904,6480691
510300.SH,2022-06-13,3.866,3.879,3.826,3.852,5799002
510300.SH,2022-06-14,3.821,3.896,3.771,3.892,6249026
510300.SH,2022-06-15,3.889,4.02,3.889,3.941,11218852
510300.SH,2022-06-16,3.954,3.973,3.905,3.914,5075120
510300.SH,2022-06-17,3.897,3.993,3.891,3.977,7156474
510300.SH,2022-06-20,3.987,4.044,3.964,3.998,7324345
510300.SH,2022-06-21,3.998,4.034,3.961,3.996,4224015
510300.SH,2022-06-22,3.996,4.003,3.938,3.946,3619643
510300.SH,2022-06-23,3.947,4.023,3.94,4.021,4056939
510300.SH,2022-06-24,4.031,4.082,4.019,4.069,4148338
510300.SH,2022-06-27,4.085,4.155,4.085,4.117,4559811
510300.SH,2022-06-28,4.116,4.182,4.089,4.169,3748824
510300.SH,2022-06-29,4.154,4.183,4.099,4.114,5448356
510300.SH,2022-06-30,4.11,4.201,4.109,4.164,5680516
510300.SH,2022-07-01,4.176,4.181,4.13,4.149,4455712
510300.SH,2022-07-04,4.134,4.179,4.105,4.177,3874217
510300.SH,2022-07-05,4.182,4.221,4.118,4.167,3921158
510300.SH,2022-07-06,4.156,4.166,4.079,4.108,3189627
510300.SH,2022-07-07,4.101,4.144,4.078,4.124,4030459
510300.SH,2022-07-08,4.147,4.169,4.113,4.12,2082490
510300.SH,2022-07-11,4.102,4.102,4.026,4.044,4522075
510300.SH,2022-07-12,4.038,4.063,3.994,4.008,3435392
510300.SH,2022-07-13,4.011,4.035,3.984,4.015,2956003
510300.SH,2022-07-14,4.011,4.045,3.992,4.016,3264143
510300.SH,2022-07-15,4.006,4.056,3.949,3.951,7373071
510300.SH,2022-07-18,3.968,4.015,3.93,3.997,3891151
510300.SH,2022-07-19,3.993,3.993,3.941,3.975,3535270
510300.SH,2022-07-20,3.996,4.016,3.974,3.987,2998384
510300.SH,2022-07-21,3.971,3.994,3.941,3.942,3104926
510300.SH,2022-07-22,3.957,3.991,3.915,3.945,3147688
510300.SH,2022-07-25,3.941,3.944,3.909,3.927,2516761
510300.SH,2022-07-26,3.933,3.976,3.93,3.956,3762545
510300.SH,2022-07-27,3.946,3.953,3.924,3.932,2571786
510300.SH,2022-07-28,3.948,3.986,3.931,3.935,3695810
510300.SH,2022-07-29,3.939,3.961,3.867,3.876,4712654
510300.SH,2022-08-01,3.862,3.904,3.837,3.894,2983915
510300.SH,2022-08-02,3.866,3.866,3.788,3.823,5439733
510300.SH,2022-08-03,3.836,3.865,3.767,3.778,3766628
510300.SH,2022-08-04,3.795,3.818,3.778,3.809,2617509
510300.SH,2022-08-05,3.812,3.88,3.809,3.874,3933852
510300.SH,2022-08-08,3.857,3.875,3.849,3.86,1572824
510300.SH,2022-08-09,3.858,3.875,3.846,3.867,2418244
510300.SH,2022-08-10,3.858,3.872,3.804,3.822,2037632
510300.SH,2022-08-11,3.839,3.916,3.832,3.91,3480503
510300.SH,2022-08-12,3.908,3.922,3.894,3.911,2055898
510300.SH,2022-08-15,3.898,3.942,3.894,3.901,2328228
510300.SH,2022-08-16,3.906,3.928,3.883,3.891,1684834
510300.SH,2022-08-17,3.892,3.943,3.867,3.932,2810228
510300.SH,2022-08-18,3.926,3.93,3.89,3.895,1999681
510300.SH,2022-08-19,3.891,3.907,3.863,3.865,2894411
510300.SH,2022-08-22,3.856,3.904,3.852,3.892,3109324
510300.SH,2022-08-23,3.889,3.906,3.859,3.878,2758776
510300.SH,2022-08-24,3.89,3.894,3.792,3.801,4031611
510300.SH,2022-08-25,3.809,3.842,3.78,3.837,3325107
510300.SH,2022-08-26,3.835,3.857,3.824,3.831,2268554
510300.SH,2022-08-29,3.797,3.817,3.781,3.806,2345945
510300.SH,2022-08-30,3.81,3.812,3.762,3.797,2320948
510300.SH,2022-08-31,3.78,3.838,3.769,3.797,5552796
510300.SH,2022-09-01,3.786,3.809,3.754,3.763,3202516
510300.SH,2022-09-02,3.766,3.775,3.72,3.74,2637374
510300.SH,2022-09-05,3.731,3.739,3.696,3.738,2158650
510300.SH,2022-09-06,3.751,3.772,3.73,3.767,2641015
510300.SH,2022-09-07,3.753,3.787,3.75,3.775,1835728
510300.SH,2022-09-08,3.779,3.787,3.756,3.757,1716322
510300.SH,2022-09-09,3.763,3.823,3.762,3.815,3929759
510300.SH,2022-09-13,3.822,3.851,3.818,3.829,3274312
510300.SH,2022-09-14,3.79,3.811,3.77,3.783,4299139
510300.SH,2022-09-15,3.79,3.803,3.721,3.746,5888444
510300.SH,2022-09-16,3.733,3.743,3.652,3.656,7257809
510300.SH,2022-09-19,3.65,3.671,3.631,3.645,3977904
510300.SH,2022-09-20,3.662,3.679,3.636,3.647,3015150
510300.SH,2022-09-21,3.636,3.646,3.599,3.617,3634886
510300.SH,2022-09-22,3.601,3.62,3.576,3.588,2798468
510300.SH,2022-09-23,3.588,3.607,3.548,3.58,5202490
510300.SH,2022-09-26,3.556,3.614,3.55,3.555,7560336
510300.SH,2022-09-27,3.566,3.613,3.548,3.605,5191603
510300.SH,2022-09-28,3.591,3.594,3.546,3.549,5300816
510300.SH,2022-09-29,3.572,3.593,3.529,3.55,5060836
510300.SH,2022-09-30,3.551,3.571,3.521,3.524,6383788
510300.SH,2022-10-10,3.523,3.526,3.433,3.445,6841092
510300.SH,2022-10-11,3.447,3.46,3.426,3.442,4913807
510300.SH,2022-10-12,3.443,3.507,3.375,3.504,7315130
510300.SH,2022-10-13,3.472,3.503,3.462,3.471,3451403
510300.SH,2022-10-14,3.508,3.579,3.499,3.559,7496291
510300.SH,2022-10-17,3.551,3.562,3.525,3.558,3887601
510300.SH,2022-10-18,3.58,3.586,3.543,3.551,4311344
510300.SH,2022-10-19,3.546,3.558,3.49,3.492,2881623
510300.SH,2022-10-20,3.476,3.532,3.447,3.48,3723050
510300.SH,2022-10-21,3.493,3.495,3.44,3.458,3275721
510300.SH,2022-10-24,3.455,3.489,3.342,3.36,6297940
510300.SH,2022-10-25,3.348,3.395,3.317,3.344,8235170
510300.SH,2022-10-26,3.346,3.424,3.345,3.372,6862870
510300.SH,2022-10-27,3.395,3.406,3.345,3.346,5123971
510300.SH,2022-10-28,3.333,3.339,3.251,3.26,7381372
510300.SH,2022-10-31,3.236,3.272,3.208,3.221,5976564
510300.SH,2022-11-01,3.241,3.361,3.236,3.359,10691572
510300.SH,2022-11-02,3.341,3.423,3.334,3.393,7516463
510300.SH,2022-11-03,3.373,3.388,3.345,3.363,4881107
510300.SH,2022-11-04,3.361,3.507,3.36,3.49,11292457
510300.SH,2022-11-07,3.466,3.511,3.465,3.49,5340734
510300.SH,2022-11-08,3.49,3.499,3.443,3.467,8012579
510300.SH,2022-11-09,3.467,3.48,3.423,3.427,5209240
510300.SH,2022-11-10,3.406,3.422,3.383,3.406,5064964
510300.SH,2022-11-11,3.498,3.554,3.466,3.504,13767023
510300.SH,2022-11-14,3.554,3.575,3.496,3.506,8509669
510300.SH,2022-11-15,3.498,3.59,3.491,3.581,7671835
510300.SH,2022-11-16,3.574,3.594,3.547,3.552,5377972
510300.SH,2022-11-17,3.542,3.542,3.491,3.535,7916228
510300.SH,2022-11-18,3.538,3.558,3.515,3.522,6491949
510300.SH,2022-11-21,3.493,3.493,3.446,3.489,5182489
510300.SH,2022-11-22,3.483,3.527,3.461,3.487,6490256
510300.SH,2022-11-23,3.476,3.512,3.47,3.49,5487916
510300.SH,2022-11-24,3.506,3.524,3.466,3.472,4821489
510300.SH,2022-11-25,3.475,3.51,3.461,3.493,5492158
510300.SH,2022-11-28,3.428,3.455,3.386,3.448,6260914
510300.SH,2022-11-29,3.47,3.573,3.47,3.564,7207068
510300.SH,2022-11-30,3.554,3.583,3.551,3.567,4594858
510300.SH,2022-12-01,3.636,3.666,3.611,3.612,6354126
510300.SH,2022-12-02,3.611,3.62,3.587,3.589,10304210
510300.SH,2022-12-05,3.63,3.663,3.613,3.66,8761771
510300.SH,2022-12-06,3.648,3.706,3.644,3.683,7658073
510300.SH,2022-12-07,3.676,3.722,3.656,3.671,6820751
510300.SH,2022-12-08,3.671,3.689,3.659,3.68,5094095
510300.SH,2022-12-09,3.679,3.725,3.664,3.714,6474552
510300.SH,2022-12-12,3.701,3.701,3.668,3.672,4668575
510300.SH,2022-12-13,3.674,3.684,3.656,3.661,3636743
510300.SH,2022-12-14,3.666,3.689,3.651,3.671,6219074
510300.SH,2022-12-15,3.672,3.681,3.644,3.669,5307513
510300.SH,2022-12-16,3.667,3.682,3.648,3.673,9083687
510300.SH,2022-12-19,3.678,3.689,3.598,3.615,7451965
510300.SH,2022-12-20,3.601,3.604,3.529,3.552,8155655
510300.SH,2022-12-21,3.557,3.567,3.538,3.549,5230558
510300.SH,2022-12-22,3.572,3.6,3.537,3.557,6878210
510300.SH,2022-12-23,3.54,3.568,3.528,3.547,10847910
510300.SH,2022-12-26,3.546,3.576,3.544,3.556,6511937
510300.SH,2022-12-27,3.596,3.609,3.575,3.603,5820488
510300.SH,2022-12-28,3.595,3.601,3.573,3.59,6492690
510300.SH,2022-12-29,3.575,3.589,3.552,3.578,7212710
510300.SH,2022-12-30,3.593,3.607,3.59,3.594,6302286
510300.SH,2023-01-03,3.593,3.617,3.546,3.605,6563108
510300.SH,2023-01-04,3.604,3.621,3.587,3.61,9807997
510300.SH,2023-01-05,3.631,3.691,3.628,3.685,7745023
510300.SH,2023-01-06,3.686,3.718,3.682,3.701,5410808
510300.SH,2023-01-09,3.721,3.742,3.708,3.726,7809599
510300.SH,2023-01-10,3.724,3.748,3.718,3.732,7442622
510300.SH,2023-01-11,3.733,3.761,3.725,3.732,5715114
510300.SH,2023-01-12,3.739,3.751,3.724,3.738,3255872
510300.SH,2023-01-13,3.745,3.804,3.745,3.8,6559090
510300.SH,2023-01-16,3.805,3.904,3.803,3.863,17163759
510300.SH,2023-01-17,3.863,3.872,3.842,3.859,6015131
510300.SH,2023-01-18,3.866,3.872,3.846,3.85,4456901
510300.SH,2023-01-19,3.841,3.88,3.823,3.878,6074324
510300.SH,2023-01-20,3.893,3.914,3.885,3.901,5700822
510300.SH,2023-01-30,3.98,3.987,3.918,3.925,8013471
510300.SH,2023-01-31,3.928,3.937,3.872,3.879,11392222
510300.SH,2023-02-01,3.884,3.912,3.853,3.91,7156520
510300.SH,2023-02-02,3.922,3.925,3.883,3.9,10018528
510300.SH,2023-02-03,3.874,3.877,3.821,3.857,9600521
510300.SH,2023-02-06,3.823,3.824,3.778,3.8,7314597
510300.SH,2023-02-07,3.806,3.821,3.79,3.81,5539881
510300.SH,2023-02-08,3.812,3.829,3.785,3.793,4628713
510300.SH,2023-02-09,3.787,3.851,3.783,3.847,5958886
510300.SH,2023-02-10,3.848,3.848,3.806,3.823,5205224
510300.SH,2023-02-13,3.81,3.861,3.803,3.855,8280101
510300.SH,2023-02-14,3.861,3.867,3.839,3.864,3326324
510300.SH,2023-02-15,3.861,3.874,3.828,3.836,6455068
510300.SH,2023-02-16,3.84,3.888,3.782,3.807,7925101
510300.SH,2023-02-17,3.805,3.821,3.745,3.749,7433949
510300.SH,2023-02-20,3.754,3.857,3.748,3.854,10495255
510300.SH,2023-02-21,3.854,3.87,3.834,3.859,5609025
510300.SH,2023-02-22,3.843,3.854,3.812,3.819,4529454
510300.SH,2023-02-23,3.823,3.845,3.801,3.819,4655595
510300.SH,2023-02-24,3.818,3.818,3.76,3.78,8087762
510300.SH,2023-02-27,3.76,3.783,3.748,3.765,4569575
510300.SH,2023-02-28,3.777,3.796,3.74,3.791,4845454
510300.SH,2023-03-01,3.787,3.856,3.78,3.84,11804810
510300.SH,2023-03-02,3.83,3.854,3.827,3.835,4391329
510300.SH,2023-03-03,3.846,3.856,3.814,3.844,4201757
510300.SH,2023-03-06,3.845,3.847,3.8,3.819,9293025
510300.SH,2023-03-07,3.815,3.838,3.759,3.762,6746494
510300.SH,2023-03-08,3.75,3.755,3.73,3.746,4313154
510300.SH,2023-03-09,3.752,3.756,3.712,3.736,4079365
510300.SH,2023-03-10,3.71,3.724,3.679,3.681,4981129
510300.SH,2023-03-13,3.681,3.728,3.681,3.725,4674529
510300.SH,2023-03-14,3.72,3.72,3.665,3.7,4635416
510300.SH,2023-03-15,3.726,3.736,3.698,3.699,3933011
510300.SH,2023-03-16,3.68,3.699,3.65,3.653,4331438
510300.SH,2023-03-17,3.68,3.724,3.655,3.674,11235012
510300.SH,2023-03-20,3.674,3.696,3.646,3.652,5709548
510300.SH,2023-03-21,3.663,3.699,3.661,3.695,5567437
510300.SH,2023-03-22,3.705,3.729,3.699,3.713,5817562
510300.SH,2023-03-23,3.7,3.752,3.698,3.751,5344729
510300.SH,2023-03-24,3.743,3.754,3.734,3.746,2548953
510300.SH,2023-03-27,3.745,3.745,3.704,3.725,4912547
510300.SH,2023-03-28,3.726,3.738,3.71,3.717,5072061
510300.SH,2023-03-29,3.738,3.739,3.711,3.717,6163363
510300.SH,2023-03-30,3.718,3.761,3.701,3.76,5572070
510300.SH,2023-03-31,3.765,3.783,3.759,3.77,6711625
510300.SH,2023-04-03,3.77,3.811,3.765,3.8,5513397
510300.SH,2023-04-04,3.8,3.822,3.792,3.82,4803087
510300.SH,2023-04-06,3.805,3.813,3.793,3.808,3782868
510300.SH,2023-04-07,3.808,3.849,3.806,3.837,3295857
510300.SH,2023-04-10,3.848,3.849,3.818,3.822,4743616
510300.SH,2023-04-11,3.825,3.832,3.798,3.812,5359550
510300.SH,2023-04-12,3.813,3.818,3.8,3.808,3358337
510300.SH,2023-04-13,3.799,3.805,3.777,3.783,4021907
510300.SH,2023-04-14,3.795,3.814,3.791,3.804,4560326
510300.SH,2023-04-17,3.801,3.867,3.8,3.865,6325480
510300.SH,2023-04-18,3.864,3.883,3.856,3.872,4160543
510300.SH,2023-04-19,3.874,3.874,3.835,3.839,4085730
510300.SH,2023-04-20,3.838,3.842,3.81,3.823,6073086
510300.SH,2023-04-21,3.823,3.826,3.744,3.75,6836486
510300.SH,2023-04-24,3.749,3.752,3.683,3.699,5940937
510300.SH,2023-04-25,3.7,3.708,3.644,3.68,9664268
510300.SH,2023-04-26,3.678,3.69,3.654,3.671,9034653
510300.SH,2023-04-27,3.668,3.72,3.66,3.706,4677697
510300.SH,2023-04-28,3.717,3.75,3.711,3.745,4518062
510300.SH,2023-05-04,3.733,3.747,3.716,3.745,3378611
510300.SH,2023-05-05,3.746,3.758,3.709,3.729,3379499
510300.SH,2023-05-08,3.736,3.784,3.731,3.774,6848152
510300.SH,2023-05-09,3.779,3.805,3.739,3.739,5668907
510300.SH,2023-05-10,3.737,3.739,3.7,3.708,9165933
510300.SH,2023-05-11,3.718,3.728,3.7,3.703,3216150
510300.SH,2023-05-12,3.702,3.716,3.65,3.652,5187745
510300.SH,2023-05-15,3.654,3.716,3.643,3.715,8107574
510300.SH,2023-05-16,3.714,3.72,3.682,3.698,4068203
510300.SH,2023-05-17,3.691,3.702,3.661,3.671,6405805
510300.SH,2023-05-18,3.678,3.698,3.651,3.67,7006002
510300.SH,2023-05-19,3.66,3.686,3.642,3.664,3417126
510300.SH,2023-05-22,3.663,3.705,3.65,3.684,5003757
510300.SH,2023-05-23,3.687,3.691,3.626,3.627,6117573
510300.SH,2023-05-24,3.622,3.623,3.572,3.574,7672776
510300.SH,2023-05-25,3.568,3.578,3.532,3.565,4918567
510300.SH,2023-05-26,3.563,3.581,3.533,3.57,4462037
510300.SH,2023-05-29,3.578,3.59,3.539,3.554,4030135
510300.SH,2023-05-30,3.546,3.567,3.51,3.558,5720979
510300.SH,2023-05-31,3.548,3.548,3.505,3.522,7338757
510300.SH,2023-06-01,3.519,3.56,3.514,3.53,6749757
510300.SH,2023-06-02,3.55,3.593,3.55,3.583,6929781
510300.SH,2023-06-05,3.577,3.581,3.555,3.565,3611549
510300.SH,2023-06-06,3.566,3.594,3.524,3.528,4115697
510300.SH,2023-06-07,3.54,3.547,3.503,3.516,3721767
510300.SH,2023-06-08,3.516,3.563,3.503,3.548,3834889
510300.SH,2023-06-09,3.549,3.567,3.542,3.564,5270689
510300.SH,2023-06-12,3.56,3.59,3.545,3.568,4596593
510300.SH,2023-06-13,3.56,3.6,3.557,3.597,3503880
510300.SH,2023-06-14,3.599,3.624,3.595,3.597,4441136
510300.SH,2023-06-15,3.606,3.663,3.6,3.662,5084305
510300.SH,2023-06-16,3.669,3.708,3.669,3.699,6021488
510300.SH,2023-06-19,3.699,3.699,3.664,3.669,4003074
510300.SH,2023-06-20,3.661,3.679,3.656,3.662,3538923
510300.SH,2023-06-21,3.655,3.659,3.605,3.607,4893537
510300.SH,2023-06-26,3.586,3.59,3.551,3.563,6404956
510300.SH,2023-06-27,3.562,3.599,3.555,3.589,3971021
510300.SH,2023-06-28,3.583,3.598,3.557,3.597,4627456
510300.SH,2023-06-29,3.597,3.599,3.567,3.579,3002626
510300.SH,2023-06-30,3.578,3.62,3.573,3.602,5299183
510300.SH,2023-07-03,3.61,3.659,3.608,3.647,4739097
510300.SH,2023-07-04,3.645,3.656,3.639,3.654,2521213
510300.SH,2023-07-05,3.648,3.654,3.621,3.627,2712152
510300.SH,2023-07-06,3.62,3.64,3.594,3.599,3467439
510300.SH,2023-07-07,3.595,3.604,3.579,3.588,3022777
510300.SH,2023-07-10,3.606,3.63,3.592,3.604,4284868
510300.SH,2023-07-11,3.617,3.635,3.607,3.63,5874389
510300.SH,2023-07-12,3.634,3.64,3.601,3.611,3894108
510300.SH,2023-07-13,3.63,3.677,3.63,3.674,5722866
510300.SH,2023-07-14,3.68,3.684,3.67,3.672,3632621
510300.SH,2023-07-17,3.666,3.666,3.628,3.644,4486126
510300.SH,2023-07-18,3.645,3.652,3.625,3.638,2666707
510300.SH,2023-07-19,3.63,3.644,3.615,3.636,5012407
510300.SH,2023-07-20,3.643,3.662,3.601,3.608,8715071
510300.SH,2023-07-21,3.608,3.637,3.595,3.61,7272501
510300.SH,2023-07-24,3.59,3.617,3.584,3.593,4549820
510300.SH,2023-07-25,3.64,3.706,3.64,3.705,11409824
510300.SH,2023-07-26,3.7,3.702,3.681,3.696,5880386
510300.SH,2023-07-27,3.705,3.718,3.68,3.692,6024658
510300.SH,2023-07-28,3.673,3.795,3.673,3.788,14964884
510300.SH,2023-07-31,3.82,3.861,3.794,3.804,17906350
510300.SH,2023-08-01,3.8,3.825,3.775,3.786,11359816
510300.SH,2023-08-02,3.779,3.8,3.746,3.757,7894398
510300.SH,2023-08-03,3.751,3.795,3.751,3.793,7379311
510300.SH,2023-08-04,3.835,3.852,3.8,3.814,14223575
510300.SH,2023-08-07,3.796,3.796,3.769,3.783,12814224
510300.SH,2023-08-08,3.768,3.795,3.755,3.768,11165791
510300.SH,2023-08-09,3.758,3.775,3.754,3.76,13325079
510300.SH,2023-08-10,3.758,3.77,3.734,3.765,9382509
510300.SH,2023-08-11,3.765,3.768,3.668,3.67,12885598
510300.SH,2023-08-14,3.639,3.652,3.604,3.643,10386003
510300.SH,2023-08-15,3.647,3.655,3.601,3.639,8165194
510300.SH,2023-08-16,3.622,3.642,3.607,3.609,8558495
510300.SH,2023-08-17,3.591,3.629,3.575,3.622,11561183
510300.SH,2023-08-18,3.624,3.634,3.571,3.572,12755465
510300.SH,2023-08-21,3.563,3.574,3.517,3.52,11009244
510300.SH,2023-08-22,3.538,3.561,3.492,3.543,13315289
510300.SH,2023-08-23,3.53,3.541,3.479,3.488,10824197
510300.SH,2023-08-24,3.495,3.54,3.492,3.511,9526548
510300.SH,2023-08-25,3.496,3.529,3.488,3.504,11745355
510300.SH,2023-08-28,3.731,3.731,3.53,3.557,28220118
510300.SH,2023-08-29,3.54,3.608,3.538,3.579,21940525
510300.SH,2023-08-30,3.584,3.604,3.57,3.578,10361323
510300.SH,2023-08-31,3.578,3.585,3.55,3.559,8384688
510300.SH,2023-09-01,3.577,3.6,3.57,3.582,7926925
510300.SH,2023-09-04,3.61,3.65,3.594,3.64,11855233
510300.SH,2023-09-05,3.63,3.632,3.605,3.613,6297701
510300.SH,2023-09-06,3.6,3.613,3.586,3.603,7151761
510300.SH,2023-09-07,3.595,3.596,3.546,3.55,9410350
510300.SH,2023-09-08,3.535,3.548,3.516,3.529,8186358
510300.SH,2023-09-11,3.53,3.581,3.523,3.557,8166508
510300.SH,2023-09-12,3.554,3.566,3.545,3.552,5949369
510300.SH,2023-09-13,3.551,3.562,3.507,3.527,10321331
510300.SH,2023-09-14,3.526,3.538,3.505,3.524,9282830
510300.SH,2023-09-15,3.531,3.538,3.489,3.507,11906221
510300.SH,2023-09-18,3.498,3.531,3.484,3.52,9859264
510300.SH,2023-09-19,3.516,3.518,3.492,3.515,7270063
510300.SH,2023-09-20,3.505,3.513,3.497,3.497,6341355
510300.SH,2023-09-21,3.489,3.503,3.461,3.462,8991970
510300.SH,2023-09-22,3.456,3.538,3.455,3.537,12471166
510300.SH,2023-09-25,3.526,3.529,3.502,3.509,7009057
510300.SH,2023-09-26,3.506,3.517,3.486,3.488,8629085
510300.SH,2023-09-27,3.487,3.525,3.486,3.498,10780540
510300.SH,2023-09-28,3.505,3.511,3.476,3.484,11206124
510300.SH,2023-10-09,3.477,3.488,3.433,3.474,8752131
510300.SH,2023-10-10,3.486,3.498,3.444,3.447,9279324
510300.SH,2023-10-11,3.465,3.482,3.447,3.455,8934987
510300.SH,2023-10-12,3.49,3.505,3.472,3.491,9335216
510300.SH,2023-10-13,3.47,3.471,3.444,3.456,11350953
510300.SH,2023-10-16,3.456,3.458,3.402,3.413,11389806
510300.SH,2023-10-17,3.42,3.433,3.407,3.425,8880603
510300.SH,2023-10-18,3.419,3.423,3.395,3.397,8102706
510300.SH,2023-10-19,3.38,3.38,3.315,3.32,16903688
510300.SH,2023-10-20,3.303,3.32,3.285,3.302,17404462
510300.SH,2023-10-23,3.288,3.29,3.232,3.264,27102417
510300.SH,2023-10-24,3.273,3.283,3.24,3.269,15350130
510300.SH,2023-10-25,3.308,3.323,3.287,3.289,13833516
510300.SH,2023-10-26,3.275,3.306,3.268,3.302,11436095
510300.SH,2023-10-27,3.294,3.369,3.285,3.356,16476624
510300.SH,2023-10-30,3.342,3.383,3.34,3.372,9614014
510300.SH,2023-10-31,3.365,3.37,3.342,3.364,8396600
510300.SH,2023-11-01,3.4,3.4,3.352,3.362,8119834
510300.SH,2023-11-02,3.368,3.389,3.344,3.345,10753816
510300.SH,2023-11-03,3.351,3.388,3.35,3.373,10578227
510300.SH,2023-11-06,3.395,3.425,3.394,3.421,11766496
510300.SH,2023-11-07,3.412,3.421,3.396,3.41,6575291
510300.SH,2023-11-08,3.403,3.416,3.378,3.399,11353212
510300.SH,2023-11-09,3.391,3.415,3.389,3.402,8185694
510300.SH,2023-11-10,3.388,3.388,3.363,3.375,7841768
510300.SH,2023-11-13,3.379,3.386,3.35,3.37,6744633
510300.SH,2023-11-14,3.374,3.39,3.355,3.37,7533172
510300.SH,2023-11-15,3.4,3.411,3.383,3.395,9940631
510300.SH,2023-11-16,3.39,3.393,3.357,3.359,8815567
510300.SH,2023-11-17,3.35,3.358,3.332,3.354,11984509
510300.SH,2023-11-20,3.357,3.377,3.33,3.365,8584304
510300.SH,2023-11-21,3.375,3.406,3.36,3.37,9316055
510300.SH,2023-11-22,3.361,3.366,3.33,3.331,7622027
510300.SH,2023-11-23,3.329,3.352,3.315,3.35,7749718
510300.SH,2023-11-24,3.346,3.347,3.318,3.325,7434533
510300.SH,2023-11-27,3.324,3.324,3.277,3.301,7762956
510300.SH,2023-11-28,3.295,3.31,3.286,3.305,7274837
510300.SH,2023-11-29,3.306,3.309,3.265,3.278,7590570
510300.SH,2023-11-30,3.274,3.292,3.267,3.282,6678101
510300.SH,2023-12-01,3.281,3.287,3.239,3.268,8604681
510300.SH,2023-12-04,3.271,3.274,3.243,3.244,6925230
510300.SH,2023-12-05,3.239,3.239,3.177,3.178,10087896
510300.SH,2023-12-06,3.174,3.203,3.164,3.183,10019449
510300.SH,2023-12-07,3.181,3.188,3.151,3.174,9345058
510300.SH,2023-12-08,3.175,3.193,3.17,3.181,7091986
510300.SH,2023-12-11,3.16,3.217,3.135,3.205,9982478
510300.SH,2023-12-12,3.196,3.215,3.193,3.213,6407242
510300.SH,2023-12-13,3.202,3.206,3.152,3.155,7088152
510300.SH,2023-12-14,3.171,3.185,3.134,3.139,7415331
510300.SH,2023-12-15,3.15,3.174,3.125,3.132,8999768
510300.SH,2023-12-18,3.118,3.139,3.1,3.118,8473038
510300.SH,2023-12-19,3.117,3.134,3.1,3.12,10985366
510300.SH,2023-12-20,3.124,3.129,3.085,3.089,10347176
510300.SH,2023-12-21,3.075,3.131,3.072,3.12,15924481
510300.SH,2023-12-22,3.117,3.15,3.102,3.126,20765265
510300.SH,2023-12-25,3.125,3.14,3.121,3.135,10041465
510300.SH,2023-12-26,3.133,3.133,3.105,3.115,7771693
510300.SH,2023-12-27,3.116,3.131,3.098,3.125,8361725
510300.SH,2023-12-28,3.121,3.218,3.12,3.209,23832992
510300.SH,2023-12-29,3.208,3.225,3.202,3.219,25188735
510300.SH,2024-01-02,3.222,3.222,3.171,3.173,9429306
510300.SH,2024-01-03,3.166,3.18,3.148,3.163,10617503
510300.SH,2024-01-04,3.162,3.162,3.107,3.133,16661525
510300.SH,2024-01-05,3.124,3.159,3.097,3.116,16996697
510300.SH,2024-01-08,3.109,3.123,3.066,3.069,17304244
510300.SH,2024-01-09,3.071,3.091,3.059,3.077,11312178
510300.SH,2024-01-10,3.07,3.101,3.052,3.061,9582541
510300.SH,2024-01-11,3.061,3.1,3.054,3.08,12662372
510300.SH,2024-01-12,3.071,3.097,3.066,3.069,8413273
510300.SH,2024-01-15,3.05,3.095,3.044,3.065,9055706
510300.SH,2024-01-16,3.06,3.088,3.046,3.087,17689524
510300.SH,2024-01-17,3.077,3.077,3.01,3.012,12862152
510300.SH,2024-01-18,3.007,3.064,2.955,3.057,47543511
510300.SH,2024-01-19,3.038,3.074,3.031,3.064,36944521
510300.SH,2024-01-22,3.054,3.064,2.982,2.995,46470565
510300.SH,2024-01-23,2.988,3.036,2.975,3.017,13924804
510300.SH,2024-01-24,3.028,3.069,2.977,3.068,22789369
510300.SH,2024-01-25,3.059,3.129,3.05,3.124,16487014
510300.SH,2024-01-26,3.117,3.139,3.101,3.118,21833051
510300.SH,2024-01-29,3.12,3.134,3.087,3.088,10113930
510300.SH,2024-01-30,3.07,3.087,3.03,3.032,18892623
510300.SH,2024-01-31,3.022,3.038,2.986,3.011,19090997
510300.SH,2024-02-01,2.989,3.037,2.979,3.007,18909976
510300.SH,2024-02-02,3.007,3.021,2.891,2.977,25386942
510300.SH,2024-02-05,2.947,3.023,2.9,2.997,26601787
510300.SH,2024-02-06,2.974,3.103,2.971,3.1,20089182
510300.SH,2024-02-07,3.099,3.131,3.076,3.129,34658147
510300.SH,2024-02-08,3.141,3.155,3.122,3.151,23942620
510300.SH,2024-02-19,3.163,3.181,3.144,3.178,14861876
510300.SH,2024-02-20,3.172,3.194,3.161,3.19,9801668
510300.SH,2024-02-21,3.177,3.285,3.171,3.238,16009581
510300.SH,2024-02-22,3.236,3.266,3.23,3.264,9446351
510300.SH,2024-02-23,3.264,3.286,3.253,3.267,10908774
510300.SH,2024-02-26,3.265,3.271,3.226,3.232,11172368
510300.SH,2024-02-27,3.224,3.275,3.222,3.273,10468849
510300.SH,2024-02-28,3.276,3.303,3.235,3.237,28549979
510300.SH,2024-02-29,3.229,3.296,3.226,3.292,14835850
510300.SH,2024-03-01,3.29,3.329,3.284,3.319,12256393
510300.SH,2024-03-04,3.315,3.326,3.297,3.316,10146550
510300.SH,2024-03-05,3.304,3.355,3.297,3.345,27991019
510300.SH,2024-03-06,3.34,3.361,3.327,3.331,12995274
510300.SH,2024-03-07,3.33,3.349,3.304,3.312,10589480
510300.SH,2024-03-08,3.314,3.329,3.293,3.322,8621877
510300.SH,2024-03-11,3.32,3.373,3.319,3.37,11207615
510300.SH,2024-03-12,3.372,3.388,3.357,3.375,11058396
510300.SH,2024-03-13,3.374,3.374,3.344,3.354,6858706
510300.SH,2024-03-14,3.349,3.376,3.324,3.341,7018811
510300.SH,2024-03-15,3.331,3.355,3.311,3.35,8490238
510300.SH,2024-03-18,3.35,3.382,3.35,3.381,7873329
510300.SH,2024-03-19,3.375,3.389,3.354,3.358,6548752
510300.SH,2024-03-20,3.35,3.371,3.347,3.361,5379620
510300.SH,2024-03-21,3.369,3.383,3.354,3.359,6197332
510300.SH,2024-03-22,3.356,3.357,3.301,3.328,14506378
510300.SH,2024-03-25,3.319,3.344,3.306,3.309,6305427
510300.SH,2024-03-26,3.309,3.327,3.301,3.32,8791033
510300.SH,2024-03-27,3.315,3.321,3.281,3.282,8746475
510300.SH,2024-03-28,3.28,3.333,3.27,3.299,10319251
510300.SH,2024-03-29,3.296,3.319,3.294,3.315,6511959
510300.SH,2024-04-01,3.329,3.383,3.328,3.373,10932625
510300.SH,2024-04-02,3.372,3.376,3.35,3.361,5831914
510300.SH,2024-04-03,3.359,3.361,3.337,3.347,5983464
510300.SH,2024-04-08,3.339,3.345,3.313,3.318,7099487
510300.SH,2024-04-09,3.316,3.323,3.301,3.312,5345371
510300.SH,2024-04-10,3.313,3.313,3.269,3.286,6816711
510300.SH,2024-04-11,3.27,3.302,3.264,3.283,5391159
510300.SH,2024-04-12,3.283,3.294,3.246,3.255,7405129
510300.SH,2024-04-15,3.255,3.334,3.253,3.328,10999537
510300.SH,2024-04-16,3.313,3.324,3.28,3.296,9132298
510300.SH,2024-04-17,3.296,3.346,3.28,3.342,9964664
510300.SH,2024-04-18,3.333,3.383,3.33,3.348,9302193
510300.SH,2024-04-19,3.334,3.343,3.307,3.32,6442757
510300.SH,2024-04-22,3.319,3.341,3.307,3.313,7251824
510300.SH,2024-04-23,3.313,3.319,3.282,3.288,9428474
510300.SH,2024-04-24,3.294,3.306,3.278,3.302,5942319
510300.SH,2024-04-25,3.292,3.326,3.284,3.312,6647552
510300.SH,2024-04-26,3.313,3.37,3.313,3.362,13743140
510300.SH,2024-04-29,3.366,3.427,3.361,3.405,15303224
510300.SH,2024-04-30,3.404,3.413,3.385,3.387,8231090
510300.SH,2024-05-06,3.429,3.453,3.424,3.437,13090611
510300.SH,2024-05-07,3.434,3.445,3.426,3.439,6860184
510300.SH,2024-05-08,3.432,3.433,3.407,3.41,6387759
510300.SH,2024-05-09,3.409,3.451,3.408,3.445,6502023
510300.SH,2024-05-10,3.452,3.459,3.42,3.447,8650954
510300.SH,2024-05-13,3.426,3.455,3.408,3.444,7411594
510300.SH,2024-05-14,3.444,3.459,3.427,3.438,5876668
510300.SH,2024-05-15,3.436,3.44,3.406,3.412,8559463
510300.SH,2024-05-16,3.419,3.44,3.41,3.424,10511975
510300.SH,2024-05-17,3.424,3.468,3.412,3.465,9320469
510300.SH,2024-05-20,3.471,3.489,3.459,3.473,9365359
510300.SH,2024-05-21,3.468,3.472,3.449,3.461,4969839
510300.SH,2024-05-22,3.459,3.478,3.452,3.469,6766846
510300.SH,2024-05-23,3.46,3.463,3.42,3.432,6988061
510300.SH,2024-05-24,3.421,3.439,3.387,3.391,8412742
510300.SH,2024-05-27,3.394,3.423,3.39,3.421,6696225
510300.SH,2024-05-28,3.42,3.422,3.391,3.398,5317532
510300.SH,2024-05-29,3.397,3.422,3.39,3.399,6152451
510300.SH,2024-05-30,3.392,3.414,3.377,3.385,7779253
510300.SH,2024-05-31,3.391,3.405,3.369,3.371,7232183
510300.SH,2024-06-03,3.369,3.388,3.354,3.376,7075116
510300.SH,2024-06-04,3.374,3.413,3.368,3.401,6817379
510300.SH,2024-06-05,3.402,3.411,3.386,3.388,5839394
510300.SH,2024-06-06,3.395,3.419,3.374,3.388,10266993
510300.SH,2024-06-07,3.391,3.399,3.344,3.365,10281271
510300.SH,2024-06-11,3.356,3.358,3.322,3.34,8799170
510300.SH,2024-06-12,3.333,3.345,3.325,3.336,5698353
510300.SH,2024-06-13,3.344,3.347,3.314,3.323,5488037
510300.SH,2024-06-14,3.316,3.347,3.306,3.343,6741040
510300.SH,2024-06-17,3.326,3.342,3.321,3.333,3930172
510300.SH,2024-06-18,3.338,3.354,3.332,3.344,5490352
510300.SH,2024-06-19,3.346,3.35,3.329,3.334,5308595
510300.SH,2024-06-20,3.332,3.34,3.305,3.311,5546558
510300.SH,2024-06-21,3.306,3.314,3.282,3.305,19658677
510300.SH,2024-06-24,3.291,3.315,3.282,3.288,20875455
510300.SH,2024-06-25,3.284,3.293,3.248,3.267,17384585
510300.SH,2024-06-26,3.259,3.296,3.253,3.288,10454895
510300.SH,2024-06-27,3.279,3.285,3.263,3.269,14337049
510300.SH,2024-06-28,3.263,3.3,3.262,3.276,12755434
510300.SH,2024-07-01,3.276,3.296,3.256,3.29,8536040
510300.SH,2024-07-02,3.283,3.3,3.278,3.285,5992049
510300.SH,2024-07-03,3.283,3.292,3.269,3.279,7914240
510300.SH,2024-07-04,3.282,3.298,3.262,3.264,15599237
510300.SH,2024-07-05,3.259,3.267,3.217,3.247,16363845
510300.SH,2024-07-08,3.24,3.247,3.215,3.223,9426255
510300.SH,2024-07-09,3.218,3.273,3.207,3.26,10688956
510300.SH,2024-07-10,3.253,3.271,3.249,3.252,5792821
510300.SH,2024-07-11,3.279,3.308,3.266,3.298,10524378
510300.SH,2024-07-12,3.3,3.313,3.294,3.308,8723694
510300.SH,2024-07-15,3.3,3.32,3.297,3.315,12550082
510300.SH,2024-07-16,3.309,3.344,3.306,3.34,16125087
510300.SH,2024-07-17,3.338,3.359,3.329,3.345,22565644
510300.SH,2024-07-18,3.33,3.368,3.321,3.366,19611815
510300.SH,2024-07-19,3.354,3.395,3.341,3.389,31696626
510300.SH,2024-07-22,3.384,3.387,3.34,3.36,17163073
510300.SH,2024-07-23,3.355,3.36,3.287,3.29,9195337
510300.SH,2024-07-24,3.284,3.298,3.255,3.268,14910835
510300.SH,2024-07-25,3.253,3.265,3.23,3.248,20455525
510300.SH,2024-07-26,3.249,3.272,3.241,3.263,13579703
510300.SH,2024-07-29,3.259,3.261,3.242,3.243,5949376
510300.SH,2024-07-30,3.235,3.235,3.206,3.22,15250861
510300.SH,2024-07-31,3.22,3.299,3.216,3.297,15389083
510300.SH,2024-08-01,3.291,3.304,3.27,3.272,7965404
510300.SH,2024-08-02,3.249,3.272,3.23,3.236,12997733
510300.SH,2024-08-05,3.22,3.263,3.196,3.197,20183109
510300.SH,2024-08-06,3.217,3.227,3.17,3.197,12936275
510300.SH,2024-08-07,3.19,3.214,3.18,3.19,6125438
510300.SH,2024-08-08,3.185,3.218,3.172,3.194,8541072
510300.SH,2024-08-09,3.205,3.219,3.181,3.182,6040536
510300.SH,2024-08-12,3.18,3.191,3.172,3.178,5102200
510300.SH,2024-08-13,3.18,3.187,3.161,3.183,6958063
510300.SH,2024-08-14,3.184,3.184,3.158,3.159,5610998
510300.SH,2024-08-15,3.154,3.212,3.15,3.197,19046381
510300.SH,2024-08-16,3.193,3.211,3.187,3.199,16407617
510300.SH,2024-08-19,3.198,3.233,3.196,3.208,7478253
510300.SH,2024-08-20,3.213,3.215,3.177,3.192,15944748
510300.SH,2024-08-21,3.18,3.195,3.163,3.177,10553698
510300.SH,2024-08-22,3.179,3.184,3.16,3.168,12504794
510300.SH,2024-08-23,3.16,3.194,3.16,3.182,8203428
510300.SH,2024-08-26,3.184,3.196,3.167,3.183,14006799
510300.SH,2024-08-27,3.176,3.179,3.156,3.166,12142201
510300.SH,2024-08-28,3.159,3.166,3.134,3.146,19955803
510300.SH,2024-08-29,3.138,3.151,3.129,3.136,15082477
510300.SH,2024-08-30,3.131,3.212,3.131,3.181,17858998
510300.SH,2024-09-02,3.17,3.172,3.119,3.121,11333065
510300.SH,2024-09-03,3.119,3.141,3.117,3.133,12935523
510300.SH,2024-09-04,3.12,3.132,3.11,3.112,6803058
510300.SH,2024-09-05,3.115,3.129,3.109,3.119,16005558
510300.SH,2024-09-06,3.124,3.134,3.089,3.091,7933157
510300.SH,2024-09-09,3.081,3.085,3.039,3.05,10188971
510300.SH,2024-09-10,3.052,3.064,3.028,3.05,8666554
510300.SH,2024-09-11,3.042,3.056,3.03,3.043,7808902
510300.SH,2024-09-12,3.048,3.061,3.03,3.032,6423793
510300.SH,2024-09-13,3.034,3.046,3.016,3.017,8504681
510300.SH,2024-09-18,3.016,3.04,3.004,3.027,12254391
510300.SH,2024-09-19,3.032,3.075,3.005,3.054,16348870
510300.SH,2024-09-20,3.047,3.068,3.028,3.063,23065620
510300.SH,2024-09-23,3.058,3.089,3.052,3.072,8973165
510300.SH,2024-09-24,3.103,3.218,3.082,3.216,39185162
510300.SH,2024-09-25,3.278,3.333,3.256,3.263,32373469
510300.SH,2024-09-26,3.257,3.432,3.256,3.429,44429621
510300.SH,2024-09-27,3.489,3.722,3.459,3.658,25594612
510300.SH,2024-09-30,3.796,4.029,3.665,4.022,63702341
510300.SH,2024-10-08,4.445,4.445,3.997,4.201,86298224
510300.SH,2024-10-09,4.074,4.074,3.794,3.811,54091966
510300.SH,2024-10-10,3.859,3.974,3.788,3.875,37790001
510300.SH,2024-10-11,3.846,3.849,3.712,3.766,40900777
510300.SH,2024-10-14,3.776,3.849,3.735,3.829,31049317
510300.SH,2024-10-15,3.803,3.835,3.716,3.72,26138707
510300.SH,2024-10-16,3.68,3.749,3.671,3.695,21611196
510300.SH,2024-10-17,3.719,3.749,3.651,3.652,29354356
510300.SH,2024-10-18,3.647,3.907,3.635,3.805,36209179
510300.SH,2024-10-21,3.806,3.849,3.769,3.805,25293364
510300.SH,2024-10-22,3.791,3.835,3.79,3.829,16669245
510300.SH,2024-10-23,3.829,3.886,3.81,3.844,22666292
510300.SH,2024-10-24,3.827,3.831,3.782,3.8,15982487
510300.SH,2024-10-25,3.801,3.867,3.792,3.829,16852658
510300.SH,2024-10-28,3.824,3.836,3.789,3.835,13963081
510300.SH,2024-10-29,3.839,3.868,3.792,3.802,17946282
510300.SH,2024-10-30,3.79,3.8,3.734,3.76,18128591
510300.SH,2024-10-31,3.758,3.796,3.727,3.76,17636493
510300.SH,2024-11-01,3.753,3.807,3.75,3.768,18177560
510300.SH,2024-11-04,3.771,3.823,3.76,3.821,12493144
510300.SH,2024-11-05,3.813,3.928,3.799,3.926,27630144
510300.SH,2024-11-06,3.926,3.969,3.874,3.9,21734248
510300.SH,2024-11-07,3.869,4.039,3.865,4.037,27887189
510300.SH,2024-11-08,4.071,4.079,3.967,3.983,28080232
510300.SH,2024-11-11,3.941,4.008,3.919,4.004,23043651
510300.SH,2024-11-12,3.999,4.057,3.934,3.958,23041668
510300.SH,2024-11-13,3.939,3.995,3.935,3.984,15727943
510300.SH,2024-11-14,3.977,3.992,3.906,3.913,14438853
510300.SH,2024-11-15,3.903,3.923,3.839,3.844,16769935
510300.SH,2024-11-18,3.86,3.907,3.802,3.827,16100926
510300.SH,2024-11-19,3.829,3.85,3.77,3.847,16705449
510300.SH,2024-11-20,3.835,3.874,3.827,3.857,15485304
510300.SH,2024-11-21,3.849,3.871,3.837,3.862,10454707
510300.SH,2024-11-22,3.86,3.863,3.735,3.742,17571913
510300.SH,2024-11-25,3.744,3.761,3.683,3.72,13590858
510300.SH,2024-11-26,3.703,3.745,3.702,3.712,7847079
510300.SH,2024-11-27,3.705,3.781,3.69,3.776,14519874
510300.SH,2024-11-28,3.773,3.778,3.737,3.747,10724073
510300.SH,2024-11-29,3.749,3.836,3.746,3.79,15297716
510300.SH,2024-12-02,3.786,3.832,3.776,3.82,9816348
510300.SH,2024-12-03,3.819,3.841,3.794,3.824,15244237
510300.SH,2024-12-04,3.819,3.83,3.792,3.803,10069479
510300.SH,2024-12-05,3.795,3.811,3.783,3.796,7595229
510300.SH,2024-12-06,3.796,3.874,3.795,3.846,17762294
510300.SH,2024-12-09,3.843,3.869,3.819,3.843,12464187
510300.SH,2024-12-10,3.968,3.987,3.862,3.874,24827953
510300.SH,2024-12-11,3.867,3.883,3.854,3.864,12587160
510300.SH,2024-12-12,3.866,3.911,3.855,3.906,13601804
510300.SH,2024-12-13,3.881,3.881,3.801,3.809,23465697
510300.SH,2024-12-16,3.807,3.81,3.775,3.785,9893231
510300.SH,2024-12-17,3.782,3.832,3.78,3.796,13646692
510300.SH,2024-12-18,3.809,3.828,3.804,3.813,10236096
510300.SH,2024-12-19,3.789,3.827,3.77,3.819,9903622
510300.SH,2024-12-20,3.813,3.834,3.801,3.807,12230620
510300.SH,2024-12-23,3.806,3.842,3.804,3.811,14247022
510300.SH,2024-12-24,3.813,3.865,3.811,3.858,14563434
510300.SH,2024-12-25,3.861,3.883,3.843,3.861,14181375
510300.SH,2024-12-26,3.861,3.868,3.845,3.862,9470234
510300.SH,2024-12-27,3.865,3.888,3.85,3.856,10869639
510300.SH,2024-12-30,3.855,3.882,3.854,3.875,13119335
510300.SH,2024-12-31,3.876,3.883,3.809,3.811,18436188
510300.SH,2025-01-02,3.809,3.81,3.67,3.698,21729803
510300.SH,2025-01-03,3.698,3.71,3.642,3.658,15930226
510300.SH,2025-01-06,3.654,3.662,3.617,3.642,12986739
510300.SH,2025-01-07,3.634,3.671,3.625,3.669,9689740
510300.SH,2025-01-08,3.659,3.688,3.604,3.663,14097968
510300.SH,2025-01-09,3.652,3.669,3.646,3.655,8060658
510300.SH,2025-01-10,3.654,3.664,3.611,3.612,8265725
510300.SH,2025-01-13,3.59,3.615,3.582,3.597,9493947
510300.SH,2025-01-14,3.604,3.707,3.598,3.695,16445462
510300.SH,2025-01-15,3.685,3.693,3.666,3.672,7420496
510300.SH,2025-01-16,3.685,3.722,3.65,3.674,11090052
510300.SH,2025-01-17,3.664,3.711,3.657,3.687,8476993
510300.SH,2025-01-20,3.71,3.738,3.697,3.706,9202943
510300.SH,2025-01-21,3.726,3.73,3.694,3.711,7439264
510300.SH,2025-01-22,3.705,3.705,3.657,3.675,10996807
510300.SH,2025-01-23,3.704,3.747,3.683,3.686,10385928
510300.SH,2025-01-24,3.678,3.732,3.672,3.718,11436475
510300.SH,2025-01-27,3.725,3.734,3.693,3.696,13053850
510300.SH,2025-02-05,3.719,3.723,3.668,3.676,7515497
510300.SH,2025-02-06,3.673,3.726,3.67,3.721,13886365
510300.SH,2025-02-07,3.722,3.803,3.715,3.777,19306314
510300.SH,2025-02-10,3.778,3.789,3.763,3.781,12672646
510300.SH,2025-02-11,3.786,3.787,3.752,3.765,9990359
510300.SH,2025-02-12,3.763,3.808,3.749,3.803,9789537
510300.SH,2025-02-13,3.798,3.823,3.787,3.793,11758227
510300.SH,2025-02-14,3.789,3.829,3.786,3.823,12924287
510300.SH,2025-02-17,3.833,3.842,3.801,3.83,13341020
510300.SH,2025-02-18,3.824,3.847,3.785,3.801,12465911
510300.SH,2025-02-19,3.794,3.83,3.789,3.822,10190769
510300.SH,2025-02-20,3.818,3.822,3.797,3.81,10186035
510300.SH,2025-02-21,3.821,3.869,3.809,3.864,14372665
510300.SH,2025-02-24,3.859,3.878,3.83,3.851,15385782
510300.SH,2025-02-25,3.824,3.84,3.797,3.81,8924900
510300.SH,2025-02-26,3.817,3.844,3.808,3.843,13456581
510300.SH,2025-02-27,3.845,3.858,3.817,3.856,11285856
510300.SH,2025-02-28,3.838,3.854,3.771,3.783,13293340
510300.SH,2025-03-03,3.784,3.816,3.755,3.77,11457686
510300.SH,2025-03-04,3.749,3.773,3.741,3.766,10121848
510300.SH,2025-03-05,3.769,3.788,3.757,3.783,11919016
510300.SH,2025-03-06,3.804,3.851,3.8,3.838,13710079
510300.SH,2025-03-07,3.829,3.85,3.819,3.828,11559971
510300.SH,2025-03-10,3.826,3.831,3.788,3.812,14427837
510300.SH,2025-03-11,3.783,3.825,3.779,3.824,10029170
510300.SH,2025-03-12,3.827,3.839,3.807,3.814,6092317
510300.SH,2025-03-13,3.813,3.822,3.782,3.794,6410438
510300.SH,2025-03-14,3.801,3.902,3.799,3.895,19037183
510300.SH,2025-03-17,3.907,3.912,3.877,3.883,11330420
510300.SH,2025-03-18,3.897,3.904,3.88,3.892,8114043
510300.SH,2025-03-19,3.887,3.91,3.873,3.898,8798313
510300.SH,2025-03-20,3.898,3.898,3.857,3.865,8751426
510300.SH,2025-03-21,3.852,3.868,3.789,3.799,10149157
510300.SH,2025-03-24,3.798,3.82,3.793,3.816,7912221
510300.SH,2025-03-25,3.817,3.828,3.806,3.818,6115316
510300.SH,2025-03-26,3.814,3.829,3.799,3.802,7742554
510300.SH,2025-03-27,3.8,3.839,3.784,3.816,8015252
510300.SH,2025-03-28,3.816,3.818,3.789,3.797,7043048
510300.SH,2025-03-31,3.793,3.813,3.758,3.773,9021729
510300.SH,2025-04-01,3.777,3.792,3.768,3.771,6150155
510300.SH,2025-04-02,3.772,3.785,3.76,3.768,6291176
510300.SH,2025-04-03,3.737,3.769,3.732,3.748,11143308
510300.SH,2025-04-07,3.589,3.629,3.393,3.484,65609880
510300.SH,2025-04-08,3.487,3.528,3.46,3.519,58535333
510300.SH,2025-04-09,3.484,3.563,3.467,3.555,16982014
510300.SH,2025-04-10,3.606,3.636,3.587,3.618,14296317
510300.SH,2025-04-11,3.599,3.64,3.589,3.629,8619842
510300.SH,2025-04-14,3.648,3.654,3.631,3.637,9415710
510300.SH,2025-04-15,3.633,3.646,3.614,3.64,9817935
510300.SH,2025-04-16,3.63,3.658,3.6,3.649,21771337
510300.SH,2025-04-17,3.631,3.66,3.63,3.652,13873406
510300.SH,2025-04-18,3.646,3.668,3.636,3.662,13780507
510300.SH,2025-04-21,3.654,3.675,3.646,3.664,7126315
510300.SH,2025-04-22,3.664,3.682,3.662,3.667,7520436
510300.SH,2025-04-23,3.681,3.696,3.662,3.671,6155041
510300.SH,2025-04-24,3.671,3.692,3.66,3.671,4873615
510300.SH,2025-04-25,3.676,3.688,3.664,3.671,5771935
510300.SH,2025-04-28,3.672,3.675,3.653,3.665,6247090
510300.SH,2025-04-29,3.663,3.669,3.651,3.658,4947350
510300.SH,2025-04-30,3.659,3.675,3.653,3.655,5004537
510300.SH,2025-05-06,3.675,3.695,3.669,3.692,7178253
510300.SH,2025-05-07,3.739,3.751,3.699,3.716,10470812
510300.SH,2025-05-08,3.707,3.755,3.707,3.739,7820057
510300.SH,2025-05-09,3.735,3.739,3.721,3.734,6933748
510300.SH,2025-05-12,3.752,3.781,3.746,3.779,8365002
510300.SH,2025-05-13,3.8,3.801,3.777,3.783,7934009
510300.SH,2025-05-14,3.784,3.855,3.781,3.834,12147902
510300.SH,2025-05-15,3.827,3.83,3.793,3.8,8177224
510300.SH,2025-05-16,3.791,3.798,3.766,3.778,7302837
510300.SH,2025-05-19,3.773,3.777,3.754,3.772,5562981
510300.SH,2025-05-20,3.773,3.805,3.769,3.792,5499875
510300.SH,2025-05-21,3.793,3.82,3.792,3.808,5606031
510300.SH,2025-05-22,3.807,3.816,3.792,3.806,4919320
510300.SH,2025-05-23,3.801,3.828,3.776,3.777,8450891
510300.SH,2025-05-26,3.771,3.782,3.745,3.756,7404857
510300.SH,2025-05-27,3.754,3.758,3.728,3.735,5782884
510300.SH,2025-05-28,3.736,3.745,3.727,3.731,5399202
510300.SH,2025-05-29,3.734,3.768,3.728,3.755,8910394
510300.SH,2025-05-30,3.748,3.753,3.721,3.748,7370307
510300.SH,2025-06-03,3.735,3.761,3.731,3.746,5967868
510300.SH,2025-06-04,3.748,3.774,3.747,3.763,4645434
510300.SH,2025-06-05,3.767,3.783,3.756,3.773,5319657
510300.SH,2025-06-06,3.776,3.788,3.767,3.775,4888808
510300.SH,2025-06-09,3.778,3.799,3.773,3.784,5810982
510300.SH,2025-06-10,3.786,3.794,3.747,3.761,7710518
510300.SH,2025-06-11,3.763,3.813,3.763,3.793,11035095
510300.SH,2025-06-12,3.787,3.802,3.769,3.795,6900872
510300.SH,2025-06-13,3.787,3.791,3.756,3.769,6980168
510300.SH,2025-06-16,3.763,3.783,3.76,3.779,6493267
510300.SH,2025-06-17,3.78,3.786,3.763,3.778,4828913
510300.SH,2025-06-18,3.78,3.787,3.759,3.781,4808034
510300.SH,2025-06-19,3.775,3.776,3.74,3.75,6007886
510300.SH,2025-06-20,3.749,3.765,3.748,3.755,4230441
510300.SH,2025-06-23,3.746,3.779,3.739,3.768,7492447
510300.SH,2025-06-24,3.773,3.827,3.773,3.813,12245549
510300.SH,2025-06-25,3.816,3.88,3.812,3.878,17241161
510300.SH,2025-06-26,3.872,3.881,3.862,3.863,9379679
510300.SH,2025-06-27,3.867,3.89,3.835,3.84,10696914
510300.SH,2025-06-30,3.838,3.862,3.833,3.859,10819590
510300.SH,2025-07-01,3.857,3.869,3.846,3.865,6406861
510300.SH,2025-07-02,3.862,3.876,3.852,3.869,5188835
510300.SH,2025-07-03,3.871,3.897,3.868,3.892,6863819
510300.SH,2025-07-04,3.888,3.942,3.881,3.909,10525621
510300.SH,2025-07-07,3.903,3.909,3.882,3.891,4022514
510300.SH,2025-07-08,3.893,3.933,3.89,3.925,6122487
510300.SH,2025-07-09,3.925,3.946,3.917,3.922,6476608
510300.SH,2025-07-10,3.922,3.967,3.921,3.942,6323877
510300.SH,2025-07-11,3.943,4.007,3.942,3.956,12648551
510300.SH,2025-07-14,3.955,3.971,3.953,3.955,8205479
510300.SH,2025-07-15,3.959,3.981,3.93,3.955,8074813
510300.SH,2025-07-16,3.956,3.97,3.933,3.946,4791819
510300.SH,2025-07-17,3.946,3.98,3.945,3.979,5978225
510300.SH,2025-07-18,3.985,4.013,3.982,4.009,7131296
510300.SH,2025-07-21,4.014,4.037,4.011,4.034,7674613
510300.SH,2025-07-22,4.036,4.08,4.019,4.078,10821091
510300.SH,2025-07-23,4.081,4.111,4.065,4.076,9947315
510300.SH,2025-07-24,4.072,4.105,4.067,4.102,8852360
510300.SH,2025-07-25,4.102,4.102,4.07,4.08,8200860
510300.SH,2025-07-28,4.08,4.1,4.063,4.091,6027713
510300.SH,2025-07-29,4.085,4.113,4.069,4.112,8059786
510300.SH,2025-07-30,4.104,4.142,4.084,4.109,9502522
510300.SH,2025-07-31,4.098,4.098,4.019,4.032,11229126
510300.SH,2025-08-01,4.025,4.039,3.995,4.01,6115671
510300.SH,2025-08-04,3.999,4.031,3.994,4.029,4355672
510300.SH,2025-08-05,4.031,4.062,4.028,4.06,5480681
510300.SH,2025-08-06,4.058,4.076,4.053,4.071,4089449
510300.SH,2025-08-07,4.073,4.087,4.048,4.07,5339656
510300.SH,2025-08-08,4.065,4.078,4.052,4.06,4230624
510300.SH,2025-08-11,4.06,4.095,4.06,4.079,6881519
510300.SH,2025-08-12,4.077,4.114,4.077,4.105,4824872
510300.SH,2025-08-13,4.111,4.149,4.106,4.14,7588408
510300.SH,2025-08-14,4.142,4.18,4.125,4.133,8879344
510300.SH,2025-08-15,4.119,4.179,4.117,4.172,10718339
510300.SH,2025-08-18,4.175,4.237,4.162,4.204,10092475
510300.SH,2025-08-19,4.203,4.224,4.174,4.182,7743324
510300.SH,2025-08-20,4.172,4.242,4.144,4.241,13784166
510300.SH,2025-08-21,4.245,4.271,4.235,4.255,9130025
510300.SH,2025-08-22,4.252,4.361,4.251,4.356,13602634
510300.SH,2025-08-25,4.378,4.449,4.374,4.442,14560918
510300.SH,2025-08-26,4.431,4.449,4.404,4.418,11142941
510300.SH,2025-08-27,4.418,4.462,4.35,4.352,14126904
510300.SH,2025-08-28,4.346,4.438,4.329,4.436,12764157
510300.SH,2025-08-29,4.427,4.49,4.417,4.478,13550574
510300.SH,2025-09-01,4.484,4.501,4.457,4.493,11939867
510300.SH,2025-09-02,4.49,4.52,4.427,4.467,10344122
510300.SH,2025-09-03,4.469,4.486,4.397,4.426,9188625
510300.SH,2025-09-04,4.423,4.432,4.293,4.333,14208228
510300.SH,2025-09-05,4.327,4.44,4.319,4.431,10603325
510300.SH,2025-09-08,4.431,4.45,4.401,4.432,10340220
510300.SH,2025-09-09,4.422,4.441,4.379,4.405,6803545
510300.SH,2025-09-10,4.403,4.439,4.384,4.415,6086583
510300.SH,2025-09-11,4.404,4.539,4.394,4.537,9783418
510300.SH,2025-09-12,4.539,4.541,4.492,4.498,9158580
510300.SH,2025-09-15,4.499,4.539,4.491,4.506,7211915
510300.SH,2025-09-16,4.509,4.529,4.468,4.497,7889034
510300.SH,2025-09-17,4.492,4.536,4.476,4.53,7154079
510300.SH,2025-09-18,4.532,4.553,4.431,4.471,11873727
510300.SH,2025-09-19,4.467,4.51,4.464,4.481,7316138
510300.SH,2025-09-22,4.481,4.498,4.459,4.496,6292766
510300.SH,2025-09-23,4.504,4.533,4.435,4.499,10550001
510300.SH,2025-09-24,4.474,4.541,4.473,4.54,10044859
510300.SH,2025-09-25,4.54,4.595,4.534,4.572,7713362
510300.SH,2025-09-26,4.554,4.576,4.527,4.528,7153059
510300.SH,2025-09-29,4.525,4.632,4.517,4.605,11954365
510300.SH,2025-09-30,4.611,4.627,4.597,4.618,7403809
510300.SH,2025-10-09,4.631,4.713,4.627,4.693,8970906
510300.SH,2025-10-10,4.664,4.671,4.581,4.596,11746426
510300.SH,2025-10-13,4.475,4.581,4.473,4.569,9658362
510300.SH,2025-10-14,4.602,4.617,4.497,4.522,11619095
510300.SH,2025-10-15,4.525,4.592,4.504,4.583,9974013
510300.SH,2025-10-16,4.566,4.624,4.566,4.598,8124633
510300.SH,2025-10-17,4.592,4.601,4.489,4.501,8400582
510300.SH,2025-10-20,4.528,4.555,4.501,4.517,7644178
510300.SH,2025-10-21,4.533,4.6,4.529,4.587,9598685
510300.SH,2025-10-22,4.567,4.585,4.545,4.572,5544842
510300.SH,2025-10-23,4.564,4.596,4.519,4.59,6993428
510300.SH,2025-10-24,4.605,4.649,4.604,4.647,8653036
510300.SH,2025-10-27,4.685,4.708,4.673,4.703,7585249
510300.SH,2025-10-28,4.692,4.727,4.669,4.679,7259491
510300.SH,2025-10-29,4.687,4.741,4.687,4.739,6792784
510300.SH,2025-10-30,4.735,4.751,4.693,4.7,8164619
510300.SH,2025-10-31,4.696,4.703,4.632,4.633,14325686
510300.SH,2025-11-03,4.629,4.644,4.582,4.64,7759881
510300.SH,2025-11-04,4.637,4.65,4.583,4.606,12015243
510300.SH,2025-11-05,4.569,4.628,4.545,4.612,7633533
510300.SH,2025-11-06,4.619,4.69,4.619,4.682,7326649
510300.SH,2025-11-07,4.667,4.689,4.651,4.672,5392556
510300.SH,2025-11-10,4.674,4.688,4.64,4.684,4483488
510300.SH,2025-11-11,4.691,4.701,4.634,4.64,5651936
510300.SH,2025-11-12,4.631,4.66,4.608,4.642,5236907
510300.SH,2025-11-13,4.634,4.692,4.629,4.689,6459561
510300.SH,2025-11-14,4.662,4.673,4.616,4.618,5936317
510300.SH,2025-11-17,4.607,4.617,4.568,4.587,7524669
510300.SH,2025-11-18,4.577,4.594,4.541,4.56,8568239
510300.SH,2025-11-19,4.555,4.594,4.555,4.574,8569615
510300.SH,2025-11-20,4.601,4.606,4.55,4.553,5619395
510300.SH,2025-11-21,4.522,4.531,4.439,4.441,14964004
510300.SH,2025-11-24,4.456,4.462,4.41,4.434,11557477
510300.SH,2025-11-25,4.457,4.5,4.456,4.474,8959406
510300.SH,2025-11-26,4.477,4.523,4.471,4.503,9140793
510300.SH,2025-11-27,4.506,4.551,4.495,4.499,4793694
510300.SH,2025-11-28,4.498,4.519,4.48,4.512,5192341
510300.SH,2025-12-01,4.523,4.565,4.516,4.564,5783014
510300.SH,2025-12-02,4.563,4.563,4.528,4.543,3834449
510300.SH,2025-12-03,4.542,4.561,4.512,4.522,3950348
510300.SH,2025-12-04,4.525,4.548,4.505,4.534,4026188
510300.SH,2025-12-05,4.533,4.587,4.52,4.575,6872031
510300.SH,2025-12-08,4.588,4.631,4.586,4.609,8263438
510300.SH,2025-12-09,4.604,4.616,4.571,4.585,7001055
510300.SH,2025-12-10,4.577,4.586,4.535,4.579,6207764
510300.SH,2025-12-11,4.585,4.599,4.539,4.545,6199443
510300.SH,2025-12-12,4.555,4.579,4.525,4.571,8671539
510300.SH,2025-12-15,4.551,4.589,4.427,4.544,6917855
510300.SH,2025-12-16,4.537,4.544,4.478,4.497,7693550
510300.SH,2025-12-17,4.496,4.592,4.493,4.576,10856133
510300.SH,2025-12-18,4.56,4.569,4.538,4.545,6780189
510300.SH,2025-12-19,4.557,4.591,4.543,4.565,8317889
510300.SH,2025-12-22,4.579,4.612,4.579,4.607,8371220
510300.SH,2025-12-23,4.612,4.64,4.603,4.617,8083405
510300.SH,2025-12-24,4.617,4.642,4.603,4.634,5334294
510300.SH,2025-12-25,4.627,4.654,4.621,4.643,4272443
510300.SH,2025-12-26,4.643,4.678,4.632,4.661,8160801
510300.SH,2025-12-29,4.657,4.671,4.626,4.64,8529050
510300.SH,2025-12-30,4.623,4.667,4.619,4.65,4772242
510300.SH,2025-12-31,4.654,4.666,4.619,4.63,6668292
510300.SH,2026-01-05,4.66,4.725,4.657,4.721,10171325
510300.SH,2026-01-06,4.727,4.797,4.725,4.796,10523015
510300.SH,2026-01-07,4.797,4.804,4.753,4.778,9334026
510300.SH,2026-01-08,4.765,4.771,4.72,4.74,6827198
510300.SH,2026-01-09,4.734,4.78,4.721,4.762,11348553
510300.SH,2026-01-12,4.77,4.806,4.738,4.79,13330753
510300.SH,2026-01-13,4.799,4.842,4.753,4.773,12717832
510300.SH,2026-01-14,4.773,4.826,4.718,4.743,21367223
510300.SH,2026-01-15,4.726,4.771,4.72,4.752,52171489
510300.SH,2026-01-16,4.782,4.796,4.715,4.736,53201665
510300.SH,2026-01-19,4.737,4.769,4.718,4.738,29134399
510300.SH,2026-01-20,4.735,4.751,4.688,4.724,28867656
510300.SH,2026-01-21,4.709,4.764,4.709,4.73,49039740
510300.SH,2026-01-22,4.741,4.76,4.703,4.727,43163442
510300.SH,2026-01-23,4.732,4.742,4.687,4.704,67693781
510300.SH,2026-01-26,4.712,4.76,4.694,4.712,59398529
510300.SH,2026-01-27,4.712,4.742,4.679,4.71,43391350
510300.SH,2026-01-28,4.725,4.743,4.704,4.725,84977823
510300.SH,2026-01-29,4.724,4.779,4.704,4.768,35456647
510300.SH,2026-01-30,4.736,4.758,4.642,4.711,16702748
510300.SH,2026-02-02,4.68,4.719,4.591,4.6,26511344
510300.SH,2026-02-03,4.64,4.668,4.585,4.664,10529446
510300.SH,2026-02-04,4.652,4.709,4.643,4.707,10525059
510300.SH,2026-02-05,4.68,4.695,4.645,4.679,9339829
510300.SH,2026-02-06,4.643,4.691,4.61,4.649,8816737
510300.SH,2026-02-09,4.695,4.73,4.686,4.727,7011195
510300.SH,2026-02-10,4.733,4.739,4.72,4.733,6804617
510300.SH,2026-02-11,4.727,4.732,4.714,4.723,3720787
510300.SH,2026-02-12,4.729,4.735,4.716,4.727,3980124
510300.SH,2026-02-13,4.714,4.714,4.667,4.671,13673572
510300.SH,2026-02-24,4.725,4.736,4.705,4.716,6242456
510300.SH,2026-02-25,4.717,4.778,4.716,4.75,8734031
510300.SH,2026-02-26,4.751,4.754,4.712,4.735,7663721
510300.SH,2026-02-27,4.72,4.732,4.7,4.725,6062453
510300.SH,2026-03-02,4.694,4.743,4.674,4.739,12423675
510300.SH,2026-03-03,4.741,4.751,4.665,4.678,9665579
510300.SH,2026-03-04,4.64,4.65,4.587,4.61,8292240
510300.SH,2026-03-05,4.647,4.678,4.639,4.654,5684210
510300.SH,2026-03-06,4.64,4.682,4.624,4.667,5043759
510300.SH,2026-03-09,4.623,4.638,4.56,4.629,8380983
510300.SH,2026-03-10,4.642,4.689,4.641,4.683,5460125
510300.SH,2026-03-11,4.686,4.719,4.682,4.711,5937122
510300.SH,2026-03-12,4.711,4.711,4.665,4.694,3433836
510300.SH,2026-03-13,4.672,4.716,4.67,4.677,3251129
510300.SH,2026-03-16,4.675,4.686,4.632,4.68,4038627
510300.SH,2026-03-17,4.686,4.731,4.645,4.646,7233377
510300.SH,2026-03-18,4.652,4.67,4.616,4.662,7702627
510300.SH,2026-03-19,4.621,4.641,4.581,4.599,7722418
510300.SH,2026-03-20,4.598,4.635,4.573,4.576,7612736
510300.SH,2026-03-23,4.528,4.537,4.406,4.43,15234981
510300.SH,2026-03-24,4.463,4.48,4.405,4.479,8504351
510300.SH,2026-03-25,4.51,4.549,4.504,4.544,8677126
510300.SH,2026-03-26,4.536,4.547,4.477,4.488,4742424
510300.SH,2026-03-27,4.45,4.53,4.445,4.508,5626908
510300.SH,2026-03-30,4.462,4.505,4.453,4.5,5439943
510300.SH,2026-03-31,4.501,4.529,4.462,4.463,5305656
510300.SH,2026-04-01,4.52,4.542,4.501,4.534,5012281
510300.SH,2026-04-02,4.521,4.526,4.47,4.489,4663511
510300.SH,2026-04-03,4.495,4.506,4.446,4.454,4261096
510300.SH,2026-04-07,4.455,4.47,4.431,4.446,4285686
510300.SH,2026-04-08,4.519,4.604,4.517,4.602,9968846
510300.SH,2026-04-09,4.573,4.586,4.56,4.572,7049553
510300.SH,2026-04-10,4.588,4.664,4.588,4.642,9063873
510300.SH,2026-04-13,4.629,4.66,4.623,4.652,3928926
510300.SH,2026-04-14,4.679,4.712,4.663,4.712,4276571
510300.SH,2026-04-15,4.732,4.746,4.684,4.694,6759806
510300.SH,2026-04-16,4.704,4.747,4.7,4.746,8532344
510300.SH,2026-04-17,4.737,4.75,4.722,4.739,7361501
510300.SH,2026-04-20,4.735,4.777,4.728,4.765,7624578
510300.SH,2026-04-21,4.764,4.786,4.73,4.776,6361081
510300.SH,2026-04-22,4.76,4.813,4.756,4.811,10125926
510300.SH,2026-04-23,4.82,4.834,4.772,4.801,10085181
510300.SH,2026-04-24,4.785,4.798,4.75,4.782,7193226
510300.SH,2026-04-27,4.786,4.81,4.773,4.782,9280360
510300.SH,2026-04-28,4.766,4.79,4.757,4.77,8644202
510300.SH,2026-04-29,4.755,4.828,4.755,4.821,12796798
510300.SH,2026-04-30,4.83,4.841,4.808,4.824,16517864
510300.SH,2026-05-06,4.866,4.914,4.852,4.888,18677828
510300.SH,2026-05-07,4.905,4.914,4.879,4.912,20946226
510300.SH,2026-05-08,4.89,4.902,4.862,4.886,12535649
510300.SH,2026-05-11,4.911,4.98,4.9,4.966,21165218
510300.SH,2026-05-12,4.975,4.987,4.944,4.963,10021705
510300.SH,2026-05-13,4.94,5.023,4.939,5.017,12726150
510300.SH,2026-05-14,5.037,5.041,4.931,4.941,10281646
510300.SH,2026-05-15,4.935,4.954,4.852,4.878,10479024
510300.SH,2026-05-18,4.855,4.885,4.819,4.852,5835764
510300.SH,2026-05-19,4.843,4.874,4.789,4.869,9674999
510300.SH,2026-05-20,4.845,4.882,4.84,4.871,9597201
510300.SH,2026-05-21,4.897,4.954,4.801,4.808,12055773
510300.SH,2026-05-22,4.828,4.868,4.807,4.862,13250518
510300.SH,2026-05-25,4.88,4.938,4.872,4.937,16250559
510300.SH,2026-05-26,4.912,4.975,4.91,4.972,9686752
510300.SH,2026-05-27,4.963,4.993,4.913,4.932,6405215
510300.SH,2026-05-28,4.917,4.948,4.866,4.932,4396498
510300.SH,2026-05-29,4.946,4.978,4.9,4.923,6566854
510300.SH,2026-06-01,4.923,4.94,4.861,4.868,4990927
510300.SH,2026-06-02,4.867,4.956,4.856,4.936,6809437
510300.SH,2026-06-03,4.938,5.016,4.928,4.965,7604619
510300.SH,2026-06-04,4.919,4.961,4.91,4.926,6097283
510300.SH,2026-06-05,4.909,4.948,4.825,4.843,6182927
510300.SH,2026-06-08,4.79,4.808,4.705,4.739,9232724
510300.SH,2026-06-09,4.764,4.828,4.741,4.826,4361645
510300.SH,2026-06-10,4.79,4.814,4.751,4.784,3931623
510300.SH,2026-06-11,4.766,4.793,4.718,4.751,4160688
510300.SH,2026-06-12,4.81,4.846,4.789,4.818,7808859
510300.SH,2026-06-15,4.858,4.92,4.839,4.919,16233007
510300.SH,2026-06-16,4.92,4.933,4.893,4.91,9085294
510300.SH,2026-06-17,4.898,4.96,4.894,4.958,13911870
510300.SH,2026-06-18,4.943,5.001,4.941,4.984,12933430
510300.SH,2026-06-22,4.983,5.095,4.954,5.091,19131578
510300.SH,2026-06-23,5.079,5.095,4.915,4.942,26173354
510300.SH,2026-06-24,4.929,4.978,4.916,4.967,25906734
510300.SH,2026-06-25,4.973,5.055,4.966,5.048,26406087
510300.SH,2026-06-26,5.008,5.015,4.88,4.907,9582429
510300.SH,2026-06-29,4.897,4.966,4.866,4.959,14848057
510300.SH,2026-06-30,4.947,5.022,4.942,5.019,20297213
510300.SH,2026-07-01,5.009,5.054,4.957,4.998,9626190
510300.SH,2026-07-02,4.955,4.96,4.835,4.85,13691536
510300.SH,2026-07-03,4.83,4.927,4.828,4.876,19983308
510300.SH,2026-07-06,4.9,4.914,4.831,4.877,6179918
510300.SH,2026-07-07,4.858,4.877,4.796,4.826,6986968
510300.SH,2026-07-08,4.836,4.872,4.793,4.798,4846848
510300.SH,2026-07-09,4.813,4.925,4.777,4.916,9558592
510300.SH,2026-07-10,4.918,4.949,4.827,4.829,8242800
510300.SH,2026-07-13,4.802,4.821,4.719,4.744,16190530
510300.SH,2026-07-14,4.744,4.838,4.696,4.837,18084400
510300.SH,2026-07-15,4.829,4.87,4.819,4.838,7220327
510300.SH,2026-07-16,4.775,4.825,4.724,4.753,16578228
510300.SH,2026-07-17,4.72,4.73,4.546,4.589,31647757
510300.SH,2026-07-20,4.63,4.685,4.577,4.65,40104538
510300.SH,2026-07-21,4.677,4.789,4.617,4.787,27388321
510300.SH,2026-07-22,4.75,4.823,4.75,4.765,12650379
510300.SH,2026-07-23,4.774,4.795,4.755,4.787,5811786
510300.SH,2026-07-24,4.75,4.759,4.699,4.701,10247632
510300.SH,2026-07-27,4.702,4.758,4.674,4.753,9715927
510300.SH,2026-07-28,4.69,4.7,4.609,4.627,16853987
510300.SH,2026-07-29,4.624,4.686,4.574,4.657,15092027
510300.SH,2026-07-30,4.63,4.655,4.536,4.605,15120389
510300.SH,2026-07-31,4.68,4.703,4.644,4.653,15016263
510300.SH,2026-08-03,4.624,4.638,4.591,4.599,9263921
510300.SH,2026-08-04,4.618,4.672,4.615,4.651,11730429
510300.SH,2026-08-05,4.62,4.737,4.613,4.714,14245658
510300.SH,2026-08-06,4.688,4.731,4.668,4.709,8783560
510300.SH,2026-08-07,4.706,4.764,4.706,4.751,9435356
510300.SH,2026-08-10,4.755,4.772,4.72,4.759,5610852
510300.SH,2026-08-11,4.75,4.775,4.722,4.728,5353219
510300.SH,2026-08-12,4.727,4.759,4.72,4.748,9010137
510300.SH,2026-08-13,4.77,4.786,4.725,4.729,9155827
510300.SH,2026-08-14,4.737,4.742,4.701,4.726,6859530
510300.SH,2026-08-17,4.73,4.802,4.725,4.801,8356561
510300.SH,2026-08-18,4.794,4.803,4.751,4.787,6576444
510300.SH,2026-08-19,4.748,4.749,4.627,4.654,15327229
510300.SH,2026-08-20,4.67,4.689,4.632,4.653,7488663
510300.SH,2026-08-21,4.648,4.693,4.641,4.68,7273846
510300.SH,2026-08-24,4.678,4.692,4.593,4.627,9229738
510300.SH,2026-08-25,4.601,4.639,4.587,4.616,7452568
510300.SH,2026-08-26,4.615,4.68,4.611,4.652,8463209
510300.SH,2026-08-27,4.659,4.694,4.649,4.691,6419297
510300.SH,2026-08-28,4.684,4.706,4.675,4.679,6046933
510300.SH,2026-08-31,4.64,4.692,4.618,4.685,6731265
510300.SH,2026-09-01,4.683,4.705,4.666,4.684,8467983
510300.SH,2026-09-02,4.65,4.654,4.601,4.62,6364598
510300.SH,2026-09-03,4.631,4.65,4.605,4.621,4981830
510300.SH,2026-09-04,4.637,4.672,4.599,4.616,8414655
510300.SH,2026-09-07,4.635,4.649,4.612,4.634,9930783
510300.SH,2026-09-08,4.638,4.657,4.61,4.624,6125122
510300.SH,2026-09-09,4.638,4.648,4.613,4.637,5732887
510300.SH,2026-09-10,4.617,4.64,4.599,4.617,4388541
510300.SH,2026-09-11,4.592,4.592,4.532,4.579,9666652
